nbhd_id,nearest_school,historic,hoa,poverty_rate,unemployment_rate,disorder_level,assaults
1,North HS,No,No,0.084059442049312,0.181978533103149,Moderate,0
2,North HS,No,No,0.377539510612849,0.529852688421793,Very High,5
3,Charter Academy,No,No,0.254012410860346,0.277139698456798,Moderate,3
4,East HS,Yes,Yes,0.270184720158403,0.254427894426938,Moderate,2
5,North HS,No,Yes,0.352226903729493,0.238883590108499,Moderate,4
6,East HS,No,Yes,0.236417212893305,0.361297284484695,Moderate,0
7,Central HS,No,No,0.0831869353173092,0.166456114636199,Low,0
8,East HS,Yes,Yes,0.211050564892927,0.413681931174949,Moderate,0
9,North HS,No,Yes,0.236856526421182,0.283289201248228,High,1
10,Charter Academy,No,No,0.220557353929561,0.162603117318586,Moderate,1
11,North HS,No,Yes,0.219115739930349,0.196503072966116,Moderate,0
12,West HS,No,Yes,0.201472616811513,0.326358745581822,Low,0
13,Central HS,No,Yes,0.298530354337691,0.181895114891304,High,0
14,North HS,Yes,No,0.37651103588135,0.207260511873265,Moderate,0
15,North HS,No,Yes,0.548364021132837,0.358471538012361,High,1
16,East HS,Yes,No,0.581976855304026,0.245179493229053,Moderate,1
17,North HS,No,No,0.292707270311244,0.221678831347365,Moderate,1
18,East HS,No,Yes,0.195479484240787,0.227604800517154,Moderate,0
19,West HS,No,No,0.178995349911585,0.079040868571504,Moderate,0
20,Charter Academy,No,No,0.593558866793458,0.275089861367905,High,2
21,Central HS,No,No,0.356977426796119,0.317810492985283,Moderate,3
22,Central HS,No,No,0.360582264422194,0.322437034936423,High,0
23,East HS,No,Yes,0.371942792599951,0.425251312082851,High,2
24,Charter Academy,Yes,No,0.680672047570956,0.412199448531402,High,2
25,East HS,Yes,Yes,0.34808138475156,0.293392246131132,Moderate,3
26,Central HS,Yes,No,0.177287382607068,0.18441185651383,Low,0
27,North HS,Yes,No,0.366786098456547,0.305588855612522,Moderate,2
28,Charter Academy,Yes,No,0.155783373925575,0.33258249450906,Moderate,0
29,West HS,No,No,0.434526644072611,0.263417677187797,High,3
30,Central HS,No,No,0.207088012319325,0.221612955310954,Moderate,0
31,North HS,No,Yes,0.143424608858264,0.0992595139886348,Low,0
32,Central HS,No,No,0.0616746922110704,0.146380973746984,Low,0
33,East HS,No,No,0.110243091330974,0.17378301698292,Low,0
34,Central HS,No,Yes,0.244674898818474,0.130618615222518,Moderate,0
35,East HS,No,No,0.314521412068309,0.254827546372305,Moderate,1
36,Central HS,No,Yes,0.342581379386978,0.331856970615909,Moderate,0
37,West HS,No,No,0.390259962734864,0.232517807014129,Moderate,2
38,Charter Academy,No,Yes,0.0965638619149491,0.204507569773352,Low,0
39,Central HS,No,Yes,0.0430538832602779,0.245800784879052,Low,1
40,East HS,Yes,No,0.521101998839035,0.256090634594363,Moderate,2
41,North HS,No,No,0.088892653504362,0.240010856267645,Moderate,0
42,North HS,No,No,0.419058230964901,0.324379626228467,High,1
43,Charter Academy,No,Yes,0.575943601886946,0.412565964738812,High,2
44,Charter Academy,No,No,0.334349436074822,0.265287711113464,High,0
45,Charter Academy,Yes,Yes,0.210895148637746,0.157498912783561,Low,0
46,North HS,No,No,0.10828416845156,0.211695412010503,Low,1
47,North HS,No,Yes,0.101276154455142,0.273637289971686,Moderate,0
48,North HS,No,No,0.0768323231800607,0.0824353585055698,Low,0
49,Charter Academy,No,Yes,0.320991546398293,0.430605985309817,High,1
50,East HS,Yes,Yes,0.524018014764994,0.305110033365512,Moderate,1
51,North HS,No,No,0.28668852325529,0.222853415498138,Moderate,0
52,Central HS,No,Yes,0.457875220116161,0.200278855045929,Moderate,1
53,West HS,No,No,0.426395030331493,0.204339094048972,Moderate,7
54,West HS,Yes,No,0.371154032100375,0.263730372916353,High,6
55,Central HS,No,No,0.434880659793736,0.344213803658447,High,0
56,Charter Academy,Yes,No,0.388148198282624,0.291681753467997,High,0
57,Charter Academy,No,No,0.453652959648145,0.2127884041295,High,3
58,Central HS,No,No,0.348078848363752,0.13869411783356,Moderate,2
59,Central HS,Yes,Yes,0.15587549432965,0.141794367026444,Low,3
60,Central HS,No,Yes,0.369529914831599,0.186781704246019,High,1
61,North HS,No,No,0.410133855793259,0.378784909130375,High,2
62,North HS,No,Yes,0.0823037742661021,0.332360330292466,Moderate,1
63,West HS,Yes,No,0.342863076775352,0.162723346956981,Moderate,0
64,Central HS,No,Yes,0.39939534490983,0.230381044279528,Moderate,3
65,East HS,Yes,No,0.241224684011565,0.31296677684915,Moderate,1
66,Central HS,No,No,0.0800854084667025,0.0812562904100476,Low,1
67,Charter Academy,No,Yes,0.0326996214104235,0.155542707537926,Low,0
68,West HS,Yes,No,0.233390162896655,0.301330613240536,Low,1
69,Central HS,Yes,Yes,0.346418347534797,0.374230808180126,Moderate,2
70,West HS,No,No,0.306466248661141,0.199933501077356,Low,1
71,Central HS,No,Yes,0.4944260291935,0.246847862845555,Very High,2
72,West HS,No,Yes,0.205273207947522,0.416376314096844,Moderate,2
73,North HS,No,Yes,0.279557296347189,0.207421281676202,Moderate,1
74,North HS,No,No,0.35106330419313,0.228541265706256,Moderate,0
75,Central HS,No,Yes,0.478592048052237,0.269410530475547,Moderate,2
76,North HS,No,Yes,0.221340884970139,0.204395037234507,Low,0
77,North HS,No,No,0.198068936973908,0.255973144305818,Low,0
78,East HS,No,Yes,0.515670576214792,0.310476557920133,High,0
79,West HS,No,No,0.283239079491742,0.156416425672597,Moderate,0
80,West HS,No,Yes,0.190668027460528,0.38426310978947,Moderate,0
81,West HS,No,No,0.0809159788201566,0.118396551322432,Low,0
82,Charter Academy,No,No,0.225994722909015,0.199980872925102,Moderate,0
83,West HS,No,No,0.480493271012424,0.228401870036123,Moderate,6
84,Charter Academy,No,Yes,0.262229960743164,0.207619221807341,Moderate,2
85,North HS,No,Yes,0.451897579139642,0.381983163902164,Very High,0
86,North HS,No,No,0.532125622081194,0.238925701307032,High,3
87,Central HS,No,Yes,0.233843677814305,0.271599624192433,Moderate,0
88,Charter Academy,No,Yes,0.32623315886884,0.459715408409771,Very High,1
89,West HS,No,Yes,0.420269915629198,0.279585323693871,Moderate,1
90,Central HS,Yes,No,0.205632787324562,0.208555157210962,Moderate,1
91,North HS,No,No,0.43848858811863,0.257889302835048,High,0
92,Central HS,Yes,Yes,0.157902582897355,0.187359445388361,Low,0
93,Central HS,Yes,No,0.11051431334652,0.201538174268341,Low,1
94,East HS,No,No,0.203878887649907,0.133443893495736,Moderate,0
95,West HS,No,No,0.692268024098854,0.292333476273188,Moderate,6
96,Charter Academy,No,No,0.156908737117826,0.317109170703148,Moderate,1
97,Central HS,Yes,No,0.533680577523089,0.380067197336365,High,4
98,North HS,No,No,0.593557541663741,0.629260586257323,Very High,7
99,North HS,No,Yes,0.228269573013584,0.140669981850709,Moderate,0
100,Central HS,Yes,Yes,0.538018970386064,0.586106545993793,High,4
101,East HS,No,No,0.0145028162044967,0.0785474630853923,Low,0
102,North HS,No,No,0.480869873715203,0.247255180284508,High,2
103,Central HS,No,No,0.101586646372933,0.0998437714623613,Moderate,1
104,East HS,No,Yes,0.106342725346743,0.167287562931665,Low,1
105,West HS,No,Yes,0.129752966075272,0.349606236025997,Moderate,1
106,North HS,No,No,0.542114247311325,0.339632007036949,High,2
107,East HS,Yes,No,0.224584461090552,0.110882845109197,Moderate,1
108,West HS,No,Yes,0.297732823101781,0.314479023433675,Moderate,0
109,Central HS,No,Yes,0.388659164510804,0.251722980629487,Moderate,0
110,North HS,Yes,No,0.17146782262848,0.108205979670457,Low,0
111,East HS,No,Yes,0.180173586218831,0.364073942380415,Moderate,0
112,West HS,No,No,0.411559515744336,0.241606120222247,Moderate,0
113,West HS,No,Yes,0.14278696727747,0.302341743569143,Low,2
114,West HS,No,No,0.358069717231553,0.254589795162644,High,3
115,Charter Academy,No,No,0.363186743782962,0.35161597578938,Very High,2
116,Charter Academy,No,Yes,0.422590584304534,0.351502975155939,High,2
117,West HS,No,No,0.317112413389483,0.184837360692099,Moderate,1
118,Central HS,No,No,0.237558804790953,0.150004273635135,Moderate,0
119,Central HS,No,Yes,0.415627802960665,0.268503917825472,Moderate,3
120,East HS,Yes,No,0.0691686038167127,0.209452429502839,Low,3
121,West HS,No,No,0.452357846138309,0.220416614807876,High,4
122,North HS,Yes,No,0.207753257121772,0.363725982039067,Low,0
123,West HS,No,No,0.523748435938984,0.545741126527265,High,6
124,East HS,No,No,0.169670000818585,0.228368331070362,Moderate,1
125,East HS,No,No,0.155686296452392,0.479153599928739,Moderate,0
126,West HS,Yes,No,0.0827270072318202,0.0459001291846544,Low,0
127,East HS,No,Yes,0.671005413650429,0.411573697621613,Very High,2
128,Charter Academy,No,Yes,0.133777912184489,0.155424604034959,Low,0
129,Charter Academy,No,No,0.443343296148322,0.23429537399802,Moderate,2
130,North HS,No,No,0.675376536012933,0.468378718464652,Very High,3
131,Central HS,No,Yes,0.170888687252,0.237979774511783,Moderate,0
132,North HS,Yes,Yes,0.728109124633698,0.307184726005107,Very High,2
133,East HS,No,No,0.490657764641549,0.41499829212482,Moderate,4
134,Central HS,No,No,0.138405931631069,0.199221928465714,Moderate,0
135,Central HS,No,No,0.129514009025489,0.561174768828329,Moderate,1
136,West HS,No,No,0.355878702155495,0.208918177400704,Moderate,2
137,East HS,No,No,0.35350498341156,0.434185796102947,Moderate,0
138,East HS,No,Yes,0.143431928196455,0.311479075441043,Low,0
139,West HS,No,No,0.344619118668173,0.396911382501182,High,1
140,Central HS,No,Yes,0.518066518167651,0.517364870326781,Very High,4
141,East HS,Yes,Yes,0.0684973994353055,0.232052785268313,Moderate,0
142,North HS,No,No,0.127613888838105,0.21933473735729,Low,3
143,East HS,Yes,No,0.399318119794341,0.224350210135511,Moderate,1
144,Charter Academy,No,No,0.0303497953692431,0.141366400437123,Low,0
145,North HS,No,No,0.498183504416357,0.386822569602292,High,1
146,East HS,Yes,No,0.462251546275677,0.397504143986852,Moderate,5
147,East HS,No,Yes,0.150701227718194,0.117484883024207,Moderate,0
148,North HS,No,No,0.107718143972215,0.254224859245822,Moderate,1
149,North HS,No,No,0.282637124328929,0.392711232058559,High,0
150,Central HS,Yes,No,0.446739166511221,0.274444495220821,Moderate,1
151,East HS,Yes,No,0.41358130985149,0.25190622370237,Moderate,3
152,North HS,Yes,Yes,0.543978102054368,0.501804070337589,High,2
153,North HS,No,Yes,0.128259689071853,0.130125778869136,Moderate,0
154,North HS,No,No,0.235961761994287,0.329490418997332,Moderate,0
155,North HS,No,Yes,0.579697029675436,0.287821053550074,High,0
156,North HS,Yes,Yes,0.338435832469296,0.267183463800099,Moderate,0
157,Central HS,No,No,0.20569284293799,0.301688851314293,Low,1
158,Central HS,No,Yes,0.30354763302121,0.33395566683299,High,1
159,West HS,No,No,0.301983748464435,0.253686451632839,Moderate,0
160,East HS,No,No,0.159064696113974,0.156813997872964,Moderate,2
161,North HS,No,Yes,0.135936106651971,0.0964643009136267,Low,0
162,Charter Academy,Yes,No,0.401018817631591,0.286280668505082,Moderate,3
163,North HS,No,Yes,0.396293216134847,0.239895735688946,Moderate,0
164,East HS,No,No,0.563370409817492,0.292431212852807,High,3
165,West HS,No,Yes,0.280328639617871,0.145363406504945,Moderate,2
166,North HS,No,No,0.449605940972962,0.244832171336816,High,2
167,Charter Academy,No,No,0.189376322034869,0.212863618440173,Low,0
168,Central HS,No,Yes,0.388279866139597,0.468682990459627,High,0
169,East HS,No,No,0.47114115497231,0.339161235710969,High,2
170,West HS,No,No,0.301084367696519,0.506496319989218,High,2
171,North HS,Yes,No,0.395755085906714,0.241143957042448,Moderate,1
172,North HS,No,No,0.314853666673087,0.528101198652771,Moderate,0
173,East HS,Yes,Yes,0.267473024424489,0.551313480673361,Moderate,0
174,Charter Academy,Yes,No,0.508365885021054,0.243160904536012,Moderate,1
175,Central HS,Yes,No,0.222079454177925,0.228797631494538,Moderate,0
176,West HS,Yes,No,0.363720912678286,0.445755975645567,High,4
177,North HS,No,Yes,0.293354012502883,0.441604592913823,High,2
178,North HS,No,No,0.135438780414822,0.164853581967281,Low,0
179,Charter Academy,No,Yes,0.299942411100781,0.227047443830911,Moderate,0
180,Charter Academy,No,No,0.479061945448426,0.294602838100225,Moderate,0
181,Central HS,No,No,0.157015936093185,0.0769467308405548,Low,0
182,Charter Academy,No,Yes,0.108144236272381,0.292961142491193,Low,1
183,Central HS,No,Yes,0.133124186019033,0.345410941200682,Moderate,2
184,West HS,No,Yes,0.319600135080359,0.459857267915017,Moderate,3
185,East HS,No,Yes,0.151510178731736,0.31644966456341,Moderate,1
186,Charter Academy,No,No,0.305602333448304,0.252640744803882,Moderate,1
187,North HS,No,No,0.0307565383764354,0.384354655818899,Moderate,2
188,Charter Academy,Yes,No,0.347313040751256,0.197042281125769,Moderate,0
189,Central HS,No,No,0.213889174052614,0.129581832680296,Low,1
190,Central HS,No,Yes,0.237900069112249,0.233757823259321,Moderate,1
191,West HS,No,No,0.311949596029922,0.221344347378293,Moderate,0
192,North HS,No,No,0.237582604993921,0.16522801063836,Low,0
193,West HS,No,Yes,0.0988727082464057,0.115899351017617,Low,0
194,North HS,No,No,0.323451034015134,0.316226211018426,Moderate,0
195,East HS,No,No,0.536136525742748,0.2918961920781,High,1
196,East HS,Yes,Yes,0.297245796490516,0.441858242972511,Moderate,0
197,North HS,No,No,0.0822095454223807,0.13029061725624,Low,0
198,Charter Academy,No,No,0.315024736041201,0.315628757815217,High,0
199,Charter Academy,No,Yes,0.479454906860457,0.251816957699829,Moderate,1
200,Central HS,No,Yes,0.18054869509431,0.278426512199148,Moderate,0
201,Central HS,No,No,0.164914891195466,0.314593432703149,Moderate,0
202,Charter Academy,No,No,0.313811070762399,0.256048549958472,Moderate,0
203,Central HS,No,No,0.740456833614427,0.619867366464648,Very High,2
204,Central HS,No,No,0.444641767521481,0.310669225182623,Very High,0
205,Charter Academy,No,No,0.177518618553778,0.265338466200799,Moderate,1
206,North HS,No,Yes,0.170673733024917,0.115082728635407,Moderate,0
207,Central HS,No,No,0.29875017918589,0.231739493857988,Low,1
208,West HS,No,Yes,0.225968345843952,0.150138587727135,Moderate,0
209,East HS,No,Yes,0.0484339769000186,0.161529273501977,Low,1
210,North HS,No,Yes,0.486706515647537,0.383880546226155,High,0
211,West HS,No,No,0.336346866575083,0.271191847632164,Moderate,1
212,West HS,No,Yes,0.14535697976781,0.238793667561089,Low,0
213,North HS,No,No,0.277573135306015,0.136235817771792,Moderate,0
214,Charter Academy,No,Yes,0.122108476463255,0.17082087928036,Low,1
215,Central HS,No,Yes,0.0279536108574378,0.0503261297458574,Low,0
216,Central HS,Yes,No,0.0503160759141789,0.386887829462991,Moderate,2
217,Central HS,No,No,0.147898270518496,0.231756697808125,Moderate,0
218,West HS,No,Yes,0.255922993823297,0.290011119758562,Moderate,1
219,East HS,Yes,No,0.400090436206342,0.408259301407112,High,3
220,Charter Academy,No,No,0.148831405875187,0.0861011066899573,Low,0
221,Charter Academy,Yes,No,0.253374745999617,0.14383943661083,Low,1
222,Central HS,No,No,0.289999856963177,0.395032233673702,High,1
223,West HS,No,No,0.18171601593249,0.225768769390614,Low,0
224,East HS,Yes,No,0.0623418099915921,0.198405283833516,Moderate,0
225,Central HS,No,No,0.277684090238889,0.168460569527668,Low,0
226,North HS,Yes,Yes,0.146232431492593,0.346238799350184,Moderate,3
227,West HS,Yes,No,0.228480681103684,0.0939869932665642,Low,0
228,Charter Academy,Yes,No,0.197635715191889,0.2220047591789,Moderate,0
229,Central HS,No,No,0.27086542147667,0.270815061137391,Low,1
230,West HS,No,Yes,0.220770701658445,0.14891237776033,Moderate,0
231,North HS,No,No,0.208845001540348,0.183368708812152,Low,2
232,West HS,No,No,0.126254703658111,0.230420180557715,Moderate,1
233,East HS,No,Yes,0.223816806604148,0.265682186947959,Moderate,1
234,Central HS,No,No,0.24050249981939,0.302683539228724,Moderate,2
235,East HS,No,No,0.513232829625503,0.410678833216616,High,5
236,North HS,No,Yes,0.0718024436291865,0.158503784753525,Low,0
237,Central HS,No,Yes,0.0200561669869407,0.0928943041387581,Low,0
238,Central HS,No,No,0.151153242502052,0.272704399612246,Moderate,0
239,North HS,Yes,Yes,0.14379207633293,0.347234663966564,Moderate,1
240,Charter Academy,No,No,0.126363676825188,0.081736025567964,Low,0
241,Central HS,No,No,0.358009743185376,0.333226502351311,Moderate,0
242,Central HS,No,No,0.285384826308171,0.370723441152114,High,0
243,Central HS,No,No,0.151430635984387,0.148152208279419,Moderate,0
244,North HS,No,No,0.224283637529497,0.392069038998611,Very High,4
245,Central HS,Yes,No,0.226027162733367,0.169486218056185,Moderate,1
246,North HS,Yes,No,0.307331396052108,0.189910030039576,Moderate,1
247,West HS,No,No,0.0873176646121947,0.201219641889269,Low,0
248,East HS,No,No,0.254117386642295,0.183430281187251,Moderate,1
249,North HS,No,No,0.368933409429424,0.411574058452283,High,2
250,Central HS,No,Yes,0.270296666094209,0.170423537961576,Moderate,0
251,East HS,No,Yes,0.219239278100768,0.220615446557203,Low,1
252,North HS,No,No,0.544473650331404,0.288128408644941,Very High,1
253,North HS,No,No,0.356193376536373,0.186548836736883,Moderate,3
254,Central HS,Yes,Yes,0.155990096528936,0.28451085746229,Moderate,0
255,Central HS,Yes,No,0.0307742210697466,0.102475588200336,Low,0
256,West HS,Yes,No,0.205608693181712,0.204065612527088,Moderate,1
257,West HS,No,No,0.568869527959031,0.401623423870687,Very High,4
258,Central HS,Yes,No,0.291260078913281,0.308296124551864,Moderate,0
259,Charter Academy,No,Yes,0.0887978398652395,0.112827496864989,Low,0
260,East HS,No,No,0.0188742727670409,0.167394918548056,Low,0
261,Central HS,No,No,0.348408767493401,0.221762803603888,Moderate,1
262,North HS,Yes,Yes,0.203540275738099,0.139341372316867,Moderate,2
263,West HS,No,No,0.284269791529553,0.32649431668537,Moderate,2
264,North HS,No,No,0.0783294138544491,0.270173943779585,Moderate,0
265,North HS,No,No,0.518197769966973,0.336112426965059,Moderate,2
266,East HS,No,Yes,0.602970027501762,0.293118450466273,High,3
267,East HS,No,Yes,0.267646697902218,0.323501786405178,Moderate,0
268,Central HS,No,Yes,0.580136255333869,0.352655323917319,High,2
269,West HS,No,No,0.151226924388843,0.180639874550916,Low,2
270,Charter Academy,No,No,0.182782440968166,0.390966304560762,Moderate,0
271,Charter Academy,No,Yes,0.482451326543001,0.279918183329382,High,3
272,Central HS,No,No,0.385030131034466,0.177293459476136,Moderate,0
273,West HS,Yes,Yes,0.0900127584441414,0.140246687630446,Low,0
274,West HS,No,Yes,0.151252662083643,0.191147647494235,Low,0
275,Central HS,No,No,0.130882046266408,0.281779354586454,Moderate,1
276,Central HS,No,No,0.21891044906393,0.242337025712299,Low,0
277,East HS,No,Yes,0.14603251051928,0.161465785074365,Moderate,0
278,Charter Academy,No,Yes,0.231777591189607,0.121480492433635,Low,0
279,East HS,No,No,0.0348165078806316,0.233921475226542,Low,0
280,Central HS,No,No,0.325366027845447,0.209122154784715,Low,2
281,Charter Academy,No,No,0.471496719216482,0.289509224613407,Moderate,4
282,North HS,No,No,0.304690923757654,0.344670901444028,Moderate,0
283,Central HS,Yes,Yes,0.271126549738347,0.146220145083092,Moderate,0
284,Central HS,No,No,0.204589186067944,0.194919552994813,Low,0
285,North HS,No,Yes,0.579142980891539,0.475869809222065,High,1
286,East HS,No,Yes,0.119231140378026,0.175611709992358,Low,2
287,North HS,No,Yes,0.0939489372068139,0.0984504038094376,Low,0
288,West HS,No,Yes,0.0958120356755837,0.147807409479702,Low,0
289,East HS,No,No,0.449211877059694,0.385437195631408,High,4
290,West HS,No,No,0.189235137066376,0.292386234601992,Low,2
291,Central HS,No,Yes,0.18415367634726101,0.251222170929009,Moderate,1
292,East HS,No,No,0.159272519734606,0.228117970144707,Low,2
293,East HS,No,Yes,0.075540575921904,0.162355529186796,Low,0
294,Charter Academy,No,Yes,0.539762373261899,0.375654040511323,Moderate,3
295,North HS,No,Yes,0.0924230519437893,0.127669241152891,Moderate,1
296,Central HS,No,No,0.38115335088338,0.230026214532065,High,2
297,West HS,No,Yes,0.385434615647814,0.285934171267301,High,1
298,Central HS,No,No,0.209817782347922,0.288205665913746,Moderate,1
299,East HS,No,No,0.323373043528192,0.172992536642319,Low,0
300,Charter Academy,No,No,0.370001840288357,0.384531915604848,Moderate,2
301,North HS,Yes,Yes,0.147416387867018,0.186893256188533,Low,2
302,Charter Academy,No,No,0.143664952970857,0.265701819831893,Moderate,0
303,Charter Academy,Yes,No,0.331075310276683,0.201796977524683,Moderate,2
304,North HS,Yes,No,0.105847308677421,0.0761730374078769,Low,0
305,Central HS,No,No,0.268364204805027,0.46090019560358,High,1
306,Charter Academy,Yes,No,0.471114922597392,0.443692112609408,High,2
307,West HS,Yes,No,0.290347941163845,0.398078886973901,Moderate,1
308,East HS,Yes,No,0.65053894141803,0.459849818960933,Very High,1
309,East HS,No,No,0.324439591466171,0.325408559544355,Moderate,0
310,Central HS,No,No,0.15639709191911,0.162358490372754,Low,0
311,North HS,No,No,0.0742235031309363,0.372722692958068,Low,2
312,Charter Academy,No,No,0.129765087361439,0.122307725103134,Low,0
313,Charter Academy,No,No,0.196600987565445,0.338520568865207,Moderate,2
314,Central HS,No,Yes,0.360441026944606,0.319292991246076,Moderate,0
315,Central HS,No,No,0.252059615080638,0.208312381135609,Moderate,0
316,East HS,No,No,0.110312481616433,0.10118464439247,Low,0
317,North HS,No,No,0.198882208412358,0.300285622935415,Moderate,0
318,Central HS,Yes,No,0.226980002600622,0.615003758607265,High,2
319,West HS,No,No,0.157249253868581,0.221336187322377,Moderate,2
320,Charter Academy,No,Yes,0.076731120018149,0.425591249736969,Moderate,0
321,North HS,No,No,0.275252542095225,0.204859927620597,Moderate,0
322,North HS,No,No,0.321198940847613,0.324572552144787,Moderate,2
323,North HS,Yes,No,0.11441839788147,0.0527426308150837,Low,1
324,West HS,No,Yes,0.334445571505112,0.422753397505828,High,2
325,West HS,No,Yes,0.0675162950206968,0.0932669480922047,Low,0
326,East HS,No,No,0.148861828269998,0.288324017750409,Moderate,0
327,West HS,No,Yes,0.353643386858082,0.236691715769947,High,0
328,West HS,No,No,0.401434124413408,0.333570845635774,High,0
329,West HS,Yes,No,0.310601691654893,0.275191080721728,Moderate,1
330,West HS,No,No,0.333482596624967,0.229212121802343,Moderate,0
331,Central HS,No,Yes,0.0612201438616728,0.0707913466985269,Low,1
332,North HS,No,Yes,0.340833218930922,0.383074657802203,Moderate,1
333,Central HS,No,No,0.343560292153456,0.358872970266672,High,0
334,East HS,No,No,0.143723094608097,0.275791772866573,Low,1
335,North HS,No,Yes,0.245011768127768,0.291335847287595,High,0
336,West HS,No,No,0.353492968424308,0.281942055769698,Moderate,1
337,Central HS,No,No,0.256186315689766,0.397648191326142,High,1
338,Central HS,No,No,0.300165156301372,0.217928176724892,Moderate,1
339,Central HS,Yes,No,0.278356198988039,0.276854289042091,Moderate,0
340,East HS,Yes,Yes,0.0575795345943329,0.331497366661421,Moderate,0
341,West HS,Yes,Yes,0.0443892967626825,0.279602028309267,Low,0
342,West HS,No,Yes,0.292358437617006,0.313825294601463,Moderate,0
343,North HS,No,No,0.418004194585811,0.272431978994106,Moderate,2
344,Charter Academy,No,No,0.306858044194527,0.242864519376241,Moderate,1
345,Central HS,No,No,0.289817986406737,0.150258655565841,Moderate,2
346,East HS,No,No,0.165606052728172,0.12856963603732,Low,1
347,East HS,No,No,0.273073063539651,0.316509936270713,Moderate,0
348,East HS,No,No,0.131722503077056,0.093667872954919,Low,0
349,Central HS,No,No,0.406837490799166,0.296948164005343,Moderate,1
350,East HS,No,No,0.187386586485478,0.0944606224853868,Low,0
351,East HS,No,No,0.2672265393803,0.395714275087685,High,1
352,Central HS,No,Yes,0.590533988053587,0.340752400397528,Very High,0
353,East HS,No,No,0.16893505174383,0.292912234947154,Low,2
354,North HS,No,Yes,0.261110824104562,0.267168749280089,High,1
355,North HS,No,No,0.160006591623592,0.226392633144648,Moderate,0
356,West HS,No,Yes,0.228447063234607,0.106520081258909,Low,1
357,North HS,No,Yes,0.194530525301165,0.162673097958842,Low,1
358,Central HS,No,No,0.654986804365027,0.262563514862154,High,1
359,West HS,No,No,0.262415213697244,0.280617516119388,Moderate,0
360,West HS,No,No,0.251665974017023,0.163550275401658,Low,0
361,Charter Academy,Yes,No,0.340507967984277,0.335881175232497,High,1
362,East HS,No,No,0.415983203055712,0.170246654561706,Moderate,5
363,West HS,Yes,Yes,0.346194058469785,0.21405661045717,Moderate,0
364,West HS,Yes,No,0.482916022402984,0.288884847954448,High,2
365,Central HS,Yes,Yes,0.299365519274713,0.153993285272198,Moderate,0
366,North HS,No,No,0.447473461606738,0.34658500957768,High,1
367,Central HS,No,Yes,0.211016291807584,0.262980219479548,Moderate,1
368,Charter Academy,No,No,0.18557451463927,0.153250972330809,Moderate,0
369,West HS,No,No,0.25112878360941,0.267830568005855,Moderate,0
370,Charter Academy,No,No,0.203198906124442,0.260886645955011,Moderate,1
371,North HS,No,No,0.0749513738290393,0.147965326365293,High,0
372,East HS,Yes,No,0.248791529593483,0.127980331388882,Moderate,4
373,Central HS,No,Yes,0.10111377950046,0.125018852409212,Low,1
374,Charter Academy,Yes,No,0.235280512279593,0.206974512182655,Moderate,1
375,North HS,No,No,0.326098719339375,0.45577853614984,Very High,1
376,North HS,No,No,0.19054306905649,0.348731794447405,High,0
377,North HS,No,No,0.268960790159898,0.149220979642834,High,2
378,Charter Academy,No,Yes,0.320053882824528,0.113668069829412,Moderate,1
379,Central HS,No,No,0.199244693032833,0.208610687762831,Moderate,0
380,Charter Academy,No,Yes,0.247518875258935,0.189754541044379,Moderate,3
381,Central HS,No,No,0.293280804375546,0.213595493843073,Moderate,2
382,Central HS,No,No,0.143829710744846,0.0906158828284183,Low,0
383,Central HS,No,No,0.156816265871663,0.177313434712227,Moderate,1
384,West HS,Yes,Yes,0.325123401499413,0.355273308526258,Moderate,0
385,East HS,No,No,0.456479787829848,0.452423367768783,High,1
386,North HS,Yes,Yes,0.257538663718597,0.198317666809882,Low,1
387,Central HS,No,Yes,0.372932303582996,0.263401095994789,High,0
388,North HS,No,No,0.230279744917067,0.268875706825084,Moderate,2
389,North HS,No,No,0.456980409011749,0.300176855764916,Moderate,0
390,Central HS,No,No,0.253245601838393,0.232738857860484,Low,0
391,North HS,No,No,0.321604514622571,0.280810254530862,Moderate,2
392,Central HS,Yes,No,0.225765231181735,0.245418367679247,High,2
393,East HS,No,No,0.253886803355933,0.132729755491351,Low,1
394,West HS,No,No,0.182510851028929,0.200565033125181,Low,1
395,West HS,No,Yes,0.0995833525568431,0.189798925840083,Low,0
396,Charter Academy,No,No,0.118000902418,0.186837830396809,Low,0
397,North HS,Yes,No,0.345171892391339,0.189456456701649,Moderate,0
398,Charter Academy,Yes,No,0.548916017153012,0.35248824110949,High,6
399,North HS,No,Yes,0.293625412160684,0.290229996539733,Moderate,0
400,Central HS,Yes,No,0.11777146157097,0.157397781634667,Low,0
401,North HS,No,No,0.0735382795279885,0.167554041743671,Low,0
402,North HS,No,No,0.0800194613860005,0.255656343888977,Low,0
403,Central HS,No,Yes,0.108732384316986,0.126526113276156,Moderate,0
404,North HS,No,No,0.289896306222523,0.374110759811176,Moderate,1
405,West HS,No,Yes,0.339676459281133,0.239308844907194,Moderate,1
406,Central HS,Yes,No,0.054613928539198,0.206681235341545,Moderate,2
407,Central HS,No,No,0.163412632403037,0.345448391553798,Moderate,0
408,East HS,No,Yes,0.12953500685311,0.138288592582489,Low,1
409,Central HS,No,No,0.530934839032753,0.562804550891755,Very High,4
410,North HS,Yes,No,0.387839725984663,0.384661514760974,Moderate,2
411,Central HS,No,No,0.416667298114781,0.257669728328094,Moderate,1
412,North HS,No,Yes,0.404389706195729,0.24248755083069,Moderate,0
413,Central HS,No,Yes,0.21867150363442,0.168899473009108,Moderate,0
414,West HS,Yes,No,0.0444233064499656,0.142605356540981,Low,0
415,Central HS,No,No,0.238218104522799,0.305941870181216,Moderate,3
416,East HS,No,Yes,0.362958680018625,0.222519740094094,Moderate,1
417,East HS,No,Yes,0.24402717857066,0.542192626263939,High,0
418,West HS,No,No,0.132137586821386,0.184312530414657,Low,0
419,Central HS,No,Yes,0.137775159125693,0.101526454475121,Low,1
420,North HS,No,Yes,0.227616415884713,0.311247860444136,Moderate,1
421,North HS,No,Yes,0.143339367414739,0.298081703709506,Moderate,1
422,East HS,No,No,0.229340076213404,0.234598310532395,Moderate,3
423,East HS,No,No,0.357520044936405,0.171106567099991,Moderate,1
424,Charter Academy,No,No,0.452693795982957,0.193158085375289,High,1
425,North HS,No,No,0.319236095992523,0.239284429643448,Moderate,2
426,Central HS,No,No,0.19437533377146,0.26531015857965,Moderate,0
427,Central HS,No,No,0.0529139921930019,0.36701115886447,Low,0
428,Central HS,Yes,No,0.180296402102318,0.2474804802726,Low,1
429,Central HS,No,No,0.443023232314706,0.257820705201732,Moderate,1
430,Charter Academy,No,Yes,0.081861894812532,0.0589837299758596,Low,0
431,Central HS,No,Yes,0.0280888805484628,0.40278199021069,Moderate,0
432,North HS,No,No,0.108520080289132,0.377095100033945,Moderate,1
433,Charter Academy,No,No,0.0508557124276649,0.346265398082343,Low,0
434,Central HS,No,Yes,0.242943124246699,0.183877554776779,Low,1
435,East HS,No,No,0.447556532495758,0.288689330575183,Moderate,2
436,East HS,No,No,0.333543868137901,0.497395062050275,High,3
437,East HS,No,No,0.0637615564356731,0.161033874766733,Low,1
438,Charter Academy,No,Yes,0.203072245831032,0.142560470126037,Moderate,0
439,East HS,No,No,0.355666962499605,0.272227837941066,High,1
440,East HS,No,Yes,0.363846446063918,0.287661073347366,Moderate,2
441,East HS,No,Yes,0.175158796986202,0.287047724335995,Moderate,2
442,West HS,No,No,0.217311942827322,0.250377240288705,Moderate,4
443,Central HS,No,No,0.153977515077636,0.115594746992499,Low,1
444,East HS,No,No,0.24693361472953201,0.174368318248259,Moderate,1
445,Central HS,No,No,0.542093914663355,0.403315808999429,Very High,2
446,East HS,No,No,0.230356723471314,0.279082675083644,Moderate,0
447,Charter Academy,No,No,0.0881083955137912,0.0771056245476888,Low,0
448,West HS,No,No,0.288007644975316,0.28042638234735,Moderate,2
449,Charter Academy,No,No,0.185191145923722,0.218954415123377,Moderate,1
450,West HS,No,No,0.273776538866778,0.226915721182002,Moderate,0
451,North HS,No,No,0.328791889501806,0.40945134064724,Moderate,2
452,Central HS,No,No,0.183417157214079,0.164197680575893,Moderate,0
453,Central HS,No,No,0.487224378000815,0.350052453116835,High,0
454,West HS,No,Yes,0.481698084386352,0.422486615821324,High,4
455,Charter Academy,No,Yes,0.182012711789734,0.118605657515821,Low,1
456,Central HS,No,Yes,0.664341137110728,0.469283354027049,Very High,3
457,West HS,No,No,0.571139721054271,0.210547166499923,High,4
458,Central HS,Yes,No,0.125433507677515,0.189115639190794,Low,1
459,West HS,Yes,No,0.5946002563228,0.343833996235234,Very High,0
460,Central HS,No,No,0.333809247592586,0.218004142020482,Low,0
461,Central HS,No,Yes,0.161937906032987,0.12858574925261,Low,0
462,Charter Academy,No,No,0.213292186428034,0.0831803038077564,Moderate,0
463,East HS,No,No,0.397092921544311,0.195439651972537,Moderate,2
464,North HS,Yes,No,0.290847794603919,0.170155319578524,Moderate,0
465,North HS,No,No,0.223899191395519,0.253290411069074,Moderate,0
466,Charter Academy,No,No,0.386013221686167,0.198984958010835,Moderate,2
467,West HS,Yes,No,0.323444605134272,0.371225448865789,Moderate,2
468,West HS,No,No,0.548257973018294,0.38540052412148,Very High,2
469,East HS,No,Yes,0.343819641319524,0.314002075508503,High,0
470,North HS,No,No,0.637388790443919,0.476341706215128,Very High,1
471,East HS,No,No,0.25760638894835,0.233540067365797,Moderate,0
472,West HS,No,No,0.212223577084038,0.186030789951526,Moderate,3
473,Central HS,No,Yes,0.362265193215964,0.161894862239509,Moderate,2
474,Charter Academy,No,No,0.160235101811357,0.307495568642959,Low,1
475,North HS,No,No,0.36834959395595,0.358444389839645,Moderate,2
476,Central HS,No,No,0.374665359536876,0.248314758868723,High,1
477,North HS,No,No,0.11091288447975,0.275109655368731,Low,1
478,North HS,No,Yes,0.377366225405987,0.212636236089906,Moderate,4
479,Central HS,No,Yes,0.130965879957843,0.225853870960364,Moderate,0
480,Central HS,Yes,Yes,0.344270068056428,0.361792898714266,High,0
481,Charter Academy,No,Yes,0.553533965890773,0.334899758775917,High,1
482,West HS,Yes,No,0.166460762186176,0.102297853823135,Low,0
483,North HS,No,No,0.034845323997748,0.434871868426769,Moderate,1
484,North HS,Yes,No,0.318000884988074,0.197959741681273,Moderate,1
485,West HS,No,No,0.257776212529991,0.213740683297745,Moderate,2
486,North HS,No,Yes,0.330542730313892,0.376936705145451,Moderate,0
487,Central HS,No,Yes,0.496380138816288,0.34031147704987,High,1
488,Central HS,No,No,0.202390614348813,0.221769563386817,Moderate,0
489,North HS,Yes,No,0.3843378602398,0.27063387351846,High,3
490,Central HS,No,No,0.483978300382981,0.319118648083585,High,2
491,North HS,No,No,0.313397405990462,0.322484059381438,Moderate,0
492,North HS,No,No,0.150096540706278,0.222815848761334,High,0
493,Charter Academy,No,No,0.277464804866791,0.341809215813438,Low,2
494,Central HS,No,Yes,0.274923253534709,0.346087787177416,Moderate,0
495,West HS,No,Yes,0.0686022796250643,0.14527910387942,Low,0
496,East HS,No,No,0.400696006849701,0.22910515993359,Moderate,2
497,Central HS,No,No,0.253598690920004,0.250203894793874,Moderate,3
498,West HS,No,No,0.31633830330327,0.271412064843754,Moderate,1
499,North HS,No,Yes,0.427794256958759,0.267880307401498,Moderate,3
500,Charter Academy,No,Yes,0.233545890831571,0.219829397637559,Moderate,2
